FIRSTNAME,LASTNAME,EMAIL,PROGRAMME,COURSE
Corly,Tuminelli,ctuminelli0@ucsd.edu,Information Science,SCALA
Tybi,McCall,tmccall1@rambler.ru,Information Science,C#
Shaw,Clarae,sclarae2@bing.com,Information Science,SCALA
Darlleen,Skyrm,dskyrm3@mediafire.com,Information Science,SCALA
Zarla,Briscow,zbriscow4@newsvine.com,Information Science,SCALA
Christyna,Rooze,crooze5@cbslocal.com,Information Science,Java
Kristal,Dagwell,kdagwell6@wunderground.com,Information Science,SCALA
Kelly,Reijmers,kreijmers7@google.co.uk,ComputerScience,C#
Daniel,Janata,djanata8@phpbb.com,Information Science,Java
Booth,Banke,bbanke9@mashable.com,ComputerScience,SCALA
Rad,Tinson,rtinsona@yahoo.com,Information Science,C#
Annetta,Jeandon,ajeandonb@disqus.com,ComputerScience,SCALA
Nance,Lauga,nlaugac@elegantthemes.com,Information Science,C#
Ines,Copson,icopsond@cocolog-nifty.com,Information Science,SCALA
Cherry,Wood,cwoode@army.mil,Information Science,Java
Allistir,Gillies,agilliesf@google.es,ComputerScience,C#
Lorenza,Dominiak,ldominiakg@mysql.com,ComputerScience,Java
Buck,Kelby,bkelbyh@xrea.com,ComputerScience,C#
Venus,Peto,vpetoi@epa.gov,ComputerScience,Java
Averil,Edney,aedneyj@wufoo.com,ComputerScience,Java
Barney,Pigott,bpigottk@nydailynews.com,Information Science,Java
Lee,Anelay,lanelayl@bbc.co.uk,Information Science,SCALA
Davon,McCrea,dmccream@php.net,Information Science,Java
Corinne,Simpkins,csimpkinsn@vimeo.com,Information Science,SCALA
Nikita,Northridge,nnorthridgeo@delicious.com,Information Science,Java
Zena,Smitten,zsmittenp@nasa.gov,Information Science,C#
Sherlocke,Murby,smurbyq@simplemachines.org,Information Science,Java
Colet,Goldsbrough,cgoldsbroughr@mtv.com,ComputerScience,C#
Clarinda,Melchior,cmelchiors@indiatimes.com,Information Science,C#
Cris,Minshull,cminshullt@cnet.com,ComputerScience,C#
Neila,Keenor,nkeenoru@dedecms.com,ComputerScience,Java
Drew,Yare,dyarev@hud.gov,Information Science,C#
Mair,Rudgley,mrudgleyw@slashdot.org,ComputerScience,Java
Magdalen,Keays,mkeaysx@newyorker.com,ComputerScience,C#
Killian,Montgomery,kmontgomeryy@issuu.com,ComputerScience,C#
Ame,MacTrustam,amactrustamz@woothemes.com,Information Science,Java
Maddi,Iacovacci,miacovacci10@indiatimes.com,Information Science,C#
Kristopher,Treanor,ktreanor11@rediff.com,Information Science,SCALA
Rogers,Egarr,regarr12@ed.gov,Information Science,Java
Luci,Mowne,lmowne13@earthlink.net,ComputerScience,Java
Noel,Philipson,nphilipson14@vkontakte.ru,Information Science,C#
Goldy,Arnao,garnao15@indiegogo.com,ComputerScience,C#
Ana,Lecointe,alecointe16@hubpages.com,Information Science,SCALA
Oralee,Ambroise,oambroise17@chronoengine.com,ComputerScience,SCALA
Nicoli,Kornilyev,nkornilyev18@123-reg.co.uk,ComputerScience,C#
Letta,Rosenvasser,lrosenvasser19@addtoany.com,ComputerScience,SCALA
Brendin,Hedges,bhedges1a@google.it,ComputerScience,SCALA
Franky,Willars,fwillars1b@state.gov,Information Science,Java
Dolf,Perrelli,dperrelli1c@goo.ne.jp,Information Science,Java
Pattie,Sollime,psollime1d@163.com,Information Science,C#
Brena,Obispo,bobispo1e@slashdot.org,ComputerScience,C#
Abbe,Lamperti,alamperti1f@ucla.edu,Information Science,Java
Jesus,Dunthorn,jdunthorn1g@epa.gov,ComputerScience,Java
Ashly,Skellen,askellen1h@smugmug.com,Information Science,C#
Jed,Baythrop,jbaythrop1i@geocities.com,ComputerScience,C#
Merilyn,Goddard,mgoddard1j@patch.com,Information Science,C#
Silvano,D'Errico,sderrico1k@state.gov,Information Science,C#
Cairistiona,Bairnsfather,cbairnsfather1l@howstuffworks.com,Information Science,SCALA
Otes,Skews,oskews1m@fda.gov,Information Science,Java
Elli,Dulanty,edulanty1n@ifeng.com,Information Science,SCALA
Stevie,Consterdine,sconsterdine1o@icio.us,Information Science,Java
Dwayne,Whickman,dwhickman1p@umich.edu,Information Science,C#
Terrel,Dethloff,tdethloff1q@miibeian.gov.cn,Information Science,Java
Simone,Pele,spele1r@cloudflare.com,Information Science,Java
Normie,Duckels,nduckels1s@shinystat.com,ComputerScience,Java
Mort,Swires,mswires1t@census.gov,ComputerScience,Java
Gaspar,Dupoy,gdupoy1u@hao123.com,Information Science,Java
Alanson,Kinzett,akinzett1v@huffingtonpost.com,ComputerScience,Java
Berkley,Critten,bcritten1w@si.edu,Information Science,SCALA
Ty,Artis,tartis1x@ehow.com,ComputerScience,SCALA
Jacynth,Oglevie,joglevie1y@homestead.com,ComputerScience,SCALA
Jens,Barnes,jbarnes1z@netlog.com,ComputerScience,Java
Alli,Swann,aswann20@twitpic.com,ComputerScience,Java
Wallas,Anfosso,wanfosso21@arstechnica.com,ComputerScience,C#
Margie,Relfe,mrelfe22@angelfire.com,ComputerScience,Java
Frazier,Ferrey,fferrey23@photobucket.com,ComputerScience,Java
Aurelie,MacCurlye,amaccurlye24@house.gov,Information Science,Java
Valencia,Lody,vlody25@apple.com,Information Science,C#
Rorie,Swaden,rswaden26@mit.edu,ComputerScience,Java
Alister,Duchart,aduchart27@hexun.com,Information Science,SCALA
Standford,Grigg,sgrigg28@geocities.com,Information Science,SCALA
Allie,Kettlestring,akettlestring29@imageshack.us,Information Science,Java
Aguistin,Bambrough,abambrough2a@webs.com,ComputerScience,C#
Starr,Chafer,schafer2b@liveinternet.ru,ComputerScience,C#
Anthea,Cuerdale,acuerdale2c@yellowbook.com,Information Science,C#
Benson,Jeandeau,bjeandeau2d@dailymail.co.uk,Information Science,Java
Paul,Whymark,pwhymark2e@go.com,ComputerScience,Java
Willi,Rhodus,wrhodus2f@latimes.com,ComputerScience,C#
Kyle,Pavlov,kpavlov2g@nba.com,Information Science,C#
Michail,Flaune,mflaune2h@reddit.com,Information Science,SCALA
Ailyn,Algeo,aalgeo2i@arstechnica.com,ComputerScience,SCALA
Lind,Inge,linge2j@slashdot.org,ComputerScience,SCALA
Chloette,Cristou,ccristou2k@purevolume.com,ComputerScience,SCALA
Bria,Winsor,bwinsor2l@slate.com,ComputerScience,Java
Meaghan,Goldney,mgoldney2m@va.gov,ComputerScience,Java
Jerry,Tewkesbury,jtewkesbury2n@addtoany.com,ComputerScience,C#
Shelley,Burfoot,sburfoot2o@mashable.com,ComputerScience,Java
Courtnay,McVity,cmcvity2p@ustream.tv,Information Science,SCALA
Fredi,Drewett,fdrewett2q@wufoo.com,ComputerScience,C#
Burke,Tassell,btassell2r@msn.com,ComputerScience,SCALA